City_ID,City,Lat,Lng,Max Temp,Humidity,Cloudiness,Wind Speed,Country,Date
0,punta arenas,-53.15,-70.9167,55.51,88,75,19.57,CL,1675555628
1,paamiut,61.994,-49.6678,20.73,77,100,16.46,GL,1675555598
2,tasiilaq,65.6145,-37.6368,24.96,93,100,30.06,GL,1675555537
3,washington,47.5001,-120.5015,40.59,82,100,2.71,US,1675555500
4,hobart,-42.8794,147.3294,73.06,51,10,1.99,AU,1675555629
5,new norfolk,-42.7826,147.0587,72.72,45,9,5.01,AU,1675555490
6,general roca,-39.0333,-67.5833,93.61,16,2,14.0,AR,1675555339
7,norman wells,65.282,-126.8329,-13.99,99,84,3.62,CA,1675555629
8,mataura,-46.1927,168.8643,69.1,81,100,3.2,NZ,1675555630
9,sitka,57.0531,-135.33,37.29,87,100,3.44,US,1675555559
10,okhotsk,59.3833,143.3,-15.12,81,41,11.3,RU,1675555630
11,rikitea,-23.1203,-134.9692,79.14,74,3,12.46,PF,1675555631
12,sembe,1.6481,14.5806,74.55,46,46,1.66,CG,1675555631
13,zeya,53.75,127.2667,-21.87,100,61,2.01,RU,1675555632
14,albany,42.6001,-73.9662,12.58,49,72,3.62,US,1675555529
15,broome,42.2506,-75.833,19.62,57,0,11.99,US,1675555491
16,beira,-19.8436,34.8389,76.96,87,12,4.79,MZ,1675555632
17,ocos,14.5094,-92.1933,84.38,64,0,6.76,GT,1675555633
18,katsuura,35.1333,140.3,47.35,62,16,14.16,JP,1675555633
19,airai,-8.9266,125.4092,64.45,83,98,2.77,TL,1675555633
20,beringovskiy,63.05,179.3167,-15.95,84,59,16.13,RU,1675555612
21,clyde river,70.4692,-68.5914,-12.32,87,100,6.89,CA,1675555634
22,soyo,-6.1349,12.3689,79.86,85,95,8.59,AO,1675555634
23,jamestown,42.097,-79.2353,26.19,35,0,13.8,US,1675555403
24,caravelas,-17.7125,-39.2481,79.83,80,35,11.21,BR,1675555635
25,hilo,19.7297,-155.09,80.33,73,75,11.5,US,1675555635
26,cape town,-33.9258,18.4232,70.88,90,75,6.91,ZA,1675555426
27,phangnga,8.4509,98.5298,77.04,94,68,4.5,TH,1675555636
28,mahebourg,-20.4081,57.7,79.09,83,75,3.44,MU,1675555376
29,avarua,-21.2078,-159.775,84.25,79,75,14.97,CK,1675555636
30,busselton,-33.65,115.3333,76.06,38,77,6.2,AU,1675555448
31,ambilobe,-13.2,49.05,73.31,96,99,1.59,MG,1675555636
32,westport,41.1415,-73.3579,22.75,45,0,13.0,US,1675555637
33,mar del plata,-38.0023,-57.5575,68.09,72,20,5.75,AR,1675555600
34,bengkulu,-3.8004,102.2655,74.41,88,100,4.5,ID,1675555638
35,sao filipe,14.8961,-24.4956,71.67,63,35,12.64,CV,1675555638
36,carnarvon,-24.8667,113.6333,80.13,68,1,8.93,AU,1675555639
37,chanika,-5.4167,38.0167,67.26,98,100,3.02,TZ,1675555639
38,richards bay,-28.783,32.0377,71.11,90,15,2.53,ZA,1675555603
39,diffa,13.3154,12.6113,73.2,20,91,9.24,NE,1675555640
40,te anau,-45.4167,167.7167,61.43,95,100,6.55,NZ,1675555544
41,ippy,6.2679,21.2247,74.59,19,63,2.57,CF,1675555640
42,dikson,73.5069,80.5464,-2.18,97,100,3.02,RU,1675555641
43,goure,13.9835,10.2704,70.16,17,66,7.31,NE,1675555641
44,innisfail,-17.5333,146.0333,80.82,90,100,4.72,AU,1675555641
45,port alfred,-33.5906,26.891,78.19,65,100,4.0,ZA,1675555642
46,maumere,-8.6199,122.2111,79.12,83,100,4.63,ID,1675555642
47,qaanaaq,77.484,-69.3632,-4.67,59,60,2.75,GL,1675555642
48,bethel,41.3712,-73.414,19.76,42,20,4.61,US,1675555414
49,tel aviv-yafo,32.0805,34.7805,53.78,87,40,8.05,IL,1675555643
50,vostok,46.4856,135.8833,1.92,92,99,4.16,RU,1675555643
51,puerto ayora,-0.7393,-90.3518,80.55,91,60,8.01,EC,1675555644
52,butaritari,3.0707,172.7902,81.34,81,63,18.61,KI,1675555439
53,bhadasar,28.2833,74.3167,63.72,29,0,4.45,IN,1675555644
54,lompoc,34.6391,-120.4579,68.14,76,75,8.99,US,1675555583
55,rajka,47.9964,17.1982,32.09,73,40,17.27,HU,1675555644
56,alofi,-19.0595,-169.9187,76.57,79,100,18.12,NU,1675555645
57,olonets,60.9847,32.9698,2.62,98,41,4.36,RU,1675555646
58,charyshskoye,51.3978,83.5598,23.76,97,100,1.1,RU,1675555646
59,north bend,43.4065,-124.2243,56.91,85,75,3.44,US,1675555652
60,torbay,47.6666,-52.7314,11.26,83,75,20.71,CA,1675555559
61,castro,-24.7911,-50.0119,62.46,95,86,5.68,BR,1675555530
62,upernavik,72.7868,-56.1549,-8.32,98,100,0.89,GL,1675555652
63,vaini,-21.2,-175.2,86.16,74,75,18.41,TO,1675555652
64,sao desiderio,-12.3633,-44.9733,72.73,83,80,1.59,BR,1675555653
65,lorengau,-2.0226,147.2712,84.58,68,96,5.55,PG,1675555653
66,namibe,-15.1961,12.1522,70.36,77,76,6.24,AO,1675555653
67,mayo,38.8876,-76.5119,31.12,53,0,10.36,US,1675555654
68,saint-augustin,51.226,-58.6502,11.8,67,74,30.98,CA,1675555654
69,idar,49.7167,7.3,41.09,87,91,0.87,DE,1675555654
70,ryotsu,38.0833,138.4333,38.17,52,58,7.27,JP,1675555654
71,ushuaia,-54.8,-68.3,47.03,97,100,6.91,AR,1675555655
72,port elizabeth,-33.918,25.5701,82.69,44,0,19.57,ZA,1675555424
73,la macarena,2.1837,-73.7849,82.06,44,59,3.42,CO,1675555658
74,hermanus,-34.4187,19.2345,70.81,93,30,6.17,ZA,1675555659
75,atuona,-9.8,-139.0333,78.58,75,28,17.34,PF,1675555659
76,ancud,-41.8697,-73.8203,62.33,83,38,3.09,CL,1675555610
77,saskylakh,71.9167,114.0833,-28.61,97,92,3.42,RU,1675555510
78,provideniya,64.3833,-173.3,-1.89,91,98,10.67,RU,1675555660
79,mayumba,-3.432,10.6554,75.78,93,91,7.94,GA,1675555607
80,sucua,-2.4667,-78.1667,72.21,81,73,1.16,EC,1675555660
81,bambous virieux,-20.3428,57.7575,75.22,84,60,8.21,MU,1675555662
82,georgetown,5.4112,100.3354,78.73,92,20,5.75,MY,1675555420
83,strezhevoy,60.7333,77.5889,-8.18,100,99,3.62,RU,1675555662
84,seoul,37.5683,126.9778,29.64,86,40,5.75,KR,1675555536
85,mishan,45.55,131.8833,10.63,86,100,3.18,CN,1675555662
86,balakhninskiy,58.0106,114.2769,-4.9,100,100,0.58,RU,1675555663
87,pangnirtung,66.1451,-65.7125,-31.34,99,83,0.27,CA,1675555421
88,boyabat,41.4689,34.7667,28.8,92,88,1.34,TR,1675555663
89,beyneu,45.3167,55.2,32.02,96,100,8.79,KZ,1675555664
90,kapaa,22.0752,-159.319,75.52,82,75,10.36,US,1675555664
91,dingle,10.9995,122.6711,77.92,87,88,9.55,PH,1675555664
92,bluff,-46.6,168.3333,60.84,93,100,8.9,NZ,1675555377
93,lagoa,39.05,-27.9833,59.11,89,3,19.42,PT,1675555494
94,matina,10.0761,-83.2895,80.47,88,33,2.75,CR,1675555664
95,cayenne,4.9333,-52.3333,77.04,94,75,3.44,GF,1675555665
96,faanui,-16.4833,-151.75,81.52,73,50,16.96,PF,1675555665
97,saint-philippe,-21.3585,55.7679,76.59,86,99,10.13,RE,1675555666
98,mildura,-34.2,142.15,74.07,51,5,4.81,AU,1675555666
99,touros,-5.1989,-35.4608,79.63,80,78,13.18,BR,1675555666
100,tottori,35.5,134.2333,35.67,80,75,6.91,JP,1675555506
101,salinas,36.6777,-121.6555,61.48,89,100,6.91,US,1675555667
102,hranice,49.548,17.7347,29.48,88,67,12.19,CZ,1675555667
103,san policarpo,12.1791,125.5072,79.3,83,100,16.64,PH,1675555667
104,riviere-au-renard,48.9957,-64.3971,0.88,77,57,33.89,CA,1675555667
105,sansepolcro,43.5747,12.143,39.94,71,15,4.59,IT,1675555668
106,chimore,-16.9833,-65.1333,68.74,92,100,3.02,BO,1675555668
107,saint-georges,12.0564,-61.7485,77.67,81,1,18.5,GD,1675555668
108,yaan,7.3833,8.5667,82.56,44,88,9.93,NG,1675555669
109,bredasdorp,-34.5322,20.0403,68.25,91,2,7.09,ZA,1675555669
110,coquimbo,-29.9533,-71.3436,67.73,72,0,9.22,CL,1675555669
111,chokurdakh,70.6333,147.9167,-24.14,97,84,8.66,RU,1675555670
112,banikoara,11.2985,2.4386,80.08,12,4,5.3,BJ,1675555670
113,coihaique,-45.5752,-72.0662,73.35,49,20,3.44,CL,1675555670
114,cherskiy,68.75,161.3,-36.45,100,97,2.68,RU,1675555670
115,villareal,11.5659,124.9281,78.04,87,93,5.28,PH,1675555671
116,chuy,-33.6971,-53.4616,65.32,94,35,12.03,UY,1675555671
117,pathein,16.7833,94.7333,68.58,73,26,5.93,MM,1675555671
118,eravur,7.7733,81.6095,76.96,83,83,8.68,LK,1675555672
119,sur,22.5667,59.5289,69.73,66,1,6.29,OM,1675555672
120,noboribetsu,42.4514,141.1731,26.89,77,41,10.16,JP,1675555672
121,nchelenge,-9.3451,28.734,69.78,87,100,5.26,ZM,1675555673
122,hamilton,39.1834,-84.5333,44.55,48,0,16.11,US,1675555673
123,annau,37.8876,58.516,43.81,52,100,3.11,TM,1675555673
124,ankang,32.68,109.0172,41.67,56,96,3.04,CN,1675555674
125,pevek,69.7008,170.3133,-35.1,100,94,2.33,RU,1675555674
126,east london,-33.0153,27.9116,73.76,81,100,12.01,ZA,1675555674
127,san patricio,28.017,-97.5169,65.17,68,29,7.74,US,1675555674
128,khash,28.2211,61.2158,49.1,66,0,5.73,IR,1675555675
129,dosso,13.049,3.1937,78.8,15,3,6.76,NE,1675555675
130,souillac,-20.5167,57.5167,77.41,86,74,8.72,MU,1675555675
131,nanortalik,60.1432,-45.2371,24.75,80,99,17.34,GL,1675555676
132,neuquen,-38.9516,-68.0591,91.29,27,0,4.61,AR,1675555676
133,tuktoyaktuk,69.4541,-133.0374,-43.6,66,20,2.3,CA,1675555542
134,langenburg,49.2544,9.8458,31.84,93,27,5.75,DE,1675555676
135,vardo,70.3705,31.1107,17.58,79,82,12.66,NO,1675555677
136,nabire,-3.3667,135.4833,75.15,95,100,3.27,ID,1675555677
137,saint george,37.1041,-113.5841,60.44,31,0,4.61,US,1675555657
138,isangel,-19.55,169.2667,84.85,78,60,15.35,VU,1675555677
139,marfino,55.7028,37.3822,31.91,92,100,8.95,RU,1675555678
140,sao miguel,-5.4667,-35.3667,79.36,80,72,14.03,BR,1675555678
141,birao,10.2849,22.7882,69.51,15,59,7.29,CF,1675555678
142,sorland,67.667,12.6934,39.06,96,100,40.04,NO,1675555679
143,yulara,-25.2406,130.9889,75.6,23,0,16.69,AU,1675555679
144,barinas,8.6226,-70.2075,81.64,46,37,5.39,VE,1675555679
145,iralaya,15.0,-83.2333,76.37,81,3,11.52,HN,1675555680
146,thompson,55.7435,-97.8558,-12.73,99,98,2.46,CA,1675555680
147,arraial do cabo,-22.9661,-42.0278,77.43,88,23,13.71,BR,1675555381
148,olafsvik,64.8945,-23.7142,37.67,97,100,26.51,IS,1675555680
149,channel-port aux basques,47.5702,-59.1367,18.12,83,100,45.79,CA,1675555680
150,barrow,71.2906,-156.7887,-21.98,76,0,10.36,US,1675555681
151,lavrentiya,65.5833,-171.0,-10.25,92,90,7.25,RU,1675555681
152,hithadhoo,-0.6,73.0833,81.25,71,72,15.61,MV,1675555491
153,severo-kurilsk,50.6789,156.125,27.97,71,100,6.04,RU,1675555681
154,saldanha,-33.0117,17.9442,65.03,96,94,12.73,ZA,1675555682
155,port hardy,50.6996,-127.4199,45.21,90,100,24.34,CA,1675555682
156,yellowknife,62.456,-114.3525,-22.68,93,32,2.89,CA,1675555684
157,klaksvik,62.2266,-6.589,40.12,79,58,29.3,FO,1675555578
158,sisimiut,66.9395,-53.6735,-8.75,93,40,8.77,GL,1675555684
159,fortuna,40.5982,-124.1573,61.93,63,75,23.02,US,1675555685
160,peniche,39.3558,-9.3811,51.46,90,0,12.01,PT,1675555685
161,talakan,50.3167,130.3667,-4.97,98,97,1.7,RU,1675555685
162,victoria,22.2855,114.1577,64.94,86,100,11.01,HK,1675555524
163,guerrero negro,27.9769,-114.0611,65.52,51,0,11.61,MX,1675555686
164,anadyr,64.75,177.4833,-32.15,97,48,8.43,RU,1675555686
165,viseu,40.661,-7.9097,46.85,53,0,6.82,PT,1675555686
166,tilichiki,60.4667,166.1,-13.22,95,39,8.01,RU,1675555687
167,kuala sungai baru,2.3594,102.0353,75.04,86,100,7.78,MY,1675555687
168,waingapu,-9.6567,120.2641,76.59,89,100,7.74,ID,1675555687
169,adrar,20.5022,-10.0711,57.79,20,99,11.41,MR,1675555688
170,hailey,43.5196,-114.3153,35.91,69,0,3.44,US,1675555688
171,luderitz,-26.6481,15.1594,64.33,83,52,15.64,NA,1675555688
172,alice springs,-23.7,133.8833,71.15,43,1,9.22,AU,1675555689
173,xichang,27.8964,102.2634,38.53,75,0,1.25,CN,1675555689
174,karratha,-20.7377,116.8463,91.69,40,49,2.24,AU,1675555690
175,bulgan,48.8125,103.5347,-2.18,89,87,3.0,MN,1675555690
176,atar,20.5169,-13.0499,60.94,19,68,11.27,MR,1675555690
177,iqaluit,63.7506,-68.5145,-34.31,65,40,16.11,CA,1675555597
178,chernyshevskiy,63.0128,112.4714,-42.32,100,99,2.86,RU,1675555691
179,salem,11.65,78.1667,67.23,73,55,3.56,IN,1675555453
180,saint anthony,45.0205,-93.218,28.65,72,0,6.91,US,1675555691
181,pierre,44.3683,-100.351,43.72,61,0,10.36,US,1675555691
182,puerto escondido,15.85,-97.0667,83.23,69,40,5.75,MX,1675555602
183,shingu,33.7333,135.9833,43.63,50,9,4.47,JP,1675555692
184,aneho,6.2333,1.6,80.51,87,21,14.83,TG,1675555692
185,neepawa,50.2289,-99.4664,15.08,97,100,6.26,CA,1675555692
186,kolokani,13.5728,-8.0339,70.74,16,69,11.25,ML,1675555693
187,sao joao da barra,-21.6403,-41.0511,78.89,91,9,16.02,BR,1675555553
188,sunggal,3.5765,98.6151,75.18,100,75,3.44,ID,1675555693
189,hyeres,43.1167,6.1167,52.68,85,0,4.61,FR,1675555694
190,gimli,50.6336,-96.9907,9.61,93,100,5.93,CA,1675555691
191,along,28.1667,94.7667,50.58,57,30,1.83,IN,1675555694
192,tiksi,71.6872,128.8694,-21.39,100,100,2.73,RU,1675555694
193,portland,45.5234,-122.6762,52.02,80,100,8.99,US,1675555648
194,antofagasta,-23.65,-70.4,74.48,81,3,2.21,CL,1675555695
195,nikolskoye,59.7035,30.7861,24.69,91,99,6.11,RU,1675555695
196,yar-sale,66.8333,70.8333,7.52,97,96,7.07,RU,1675555558
197,chalons-en-champagne,48.9539,4.3672,46.47,97,100,7.29,FR,1675555695
198,leningradskiy,69.3833,178.4167,-24.61,99,100,4.14,RU,1675555696
199,mwinilunga,-11.7358,24.4293,61.75,99,100,3.4,ZM,1675555696
200,dimona,31.0667,35.0333,47.25,80,16,7.99,IL,1675555696
201,cidreira,-30.1811,-50.2056,73.62,75,55,7.99,BR,1675555697
202,vallenar,-28.5708,-70.7581,74.43,55,14,5.46,CL,1675555697
203,solok,-0.7918,100.6593,70.75,95,98,0.96,ID,1675555697
204,longyearbyen,78.2186,15.6401,17.44,57,0,26.46,SJ,1675555534
205,caucasia,7.9865,-75.1935,80.15,71,99,5.28,CO,1675555698
206,komsomolskiy,40.4272,71.7189,38.12,87,100,6.91,UZ,1675555658
207,biak,-0.9131,122.8766,76.5,82,100,4.27,ID,1675555698
208,vila franca do campo,37.7167,-25.4333,55.81,85,2,6.11,PT,1675555698
209,lyuban,52.7985,28.0048,21.34,94,95,10.11,BY,1675555699
210,pisco,-13.7,-76.2167,71.65,94,54,5.75,PE,1675555545
211,dunedin,-45.8742,170.5036,71.8,71,100,3.0,NZ,1675555497
212,macomb,40.4592,-90.6718,49.95,37,0,17.27,US,1675555699
213,palmer,42.1584,-72.3287,15.24,30,100,6.91,US,1675555614
214,narsaq,60.9167,-46.05,23.22,94,95,4.65,GL,1675555700
215,binga,-17.6203,27.3414,71.53,87,100,0.94,ZW,1675555700
216,ordu,40.9086,37.6845,25.3,74,100,5.14,TR,1675555700
217,sooke,48.3746,-123.7276,50.49,91,100,3.78,CA,1675555701
218,namtsy,62.7161,129.6658,-27.83,99,100,1.5,RU,1675555701
219,sabaudia,41.3003,13.0282,47.91,54,45,9.44,IT,1675555576
220,hambantota,6.1241,81.1185,75.25,86,58,11.21,LK,1675555701
221,taixing,32.1667,120.0136,38.12,79,77,8.3,CN,1675555702
222,grindavik,63.8424,-22.4338,37.87,87,75,21.85,IS,1675555702
223,namatanai,-3.6667,152.4333,83.08,72,100,2.26,PG,1675555702
224,kargasok,59.0556,80.8572,-3.73,100,100,3.58,RU,1675555703
225,san quintin,30.4833,-115.95,61.88,63,1,12.55,MX,1675555695
226,fairbanks,64.8378,-147.7164,8.56,82,40,5.75,US,1675555703
227,port lincoln,-34.7333,135.8667,66.18,62,61,5.37,AU,1675555550
228,naze,28.3667,129.4833,57.29,64,99,10.31,JP,1675555703
229,isabela,6.7085,121.9711,80.47,77,97,5.1,PH,1675555704
230,waipawa,-41.4122,175.5153,76.06,59,38,7.31,NZ,1675555704
231,rio grande,-32.035,-52.0986,69.91,69,0,13.6,BR,1675555536
232,lefka,35.1106,32.8506,48.07,80,94,8.84,CY,1675555705
233,kitimat,54.0524,-128.6534,39.58,100,100,0.78,CA,1675555441
234,ribeira grande,38.5167,-28.7,61.77,89,32,13.0,PT,1675555705
235,sangar,63.9242,127.4739,-27.06,100,100,0.98,RU,1675555600
236,abu samrah,35.3029,37.1841,41.72,86,100,5.17,SY,1675555705
237,kodiak,57.79,-152.4072,36.91,65,0,0.0,US,1675555562
238,manggar,-2.8833,108.2667,78.24,87,100,5.46,ID,1675555659
239,ilulissat,69.2167,-51.1,-2.18,65,66,1.14,GL,1675555706
240,kruisfontein,-34.0033,24.7314,69.26,64,54,3.53,ZA,1675555706
241,altay,47.8667,88.1167,19.11,94,100,1.52,CN,1675555706
242,crestview,30.7621,-86.5705,58.26,63,0,0.0,US,1675555707
243,padang,-0.9492,100.3543,75.25,87,100,2.8,ID,1675555707
244,warmbad,-28.45,18.7333,73.56,35,28,7.05,NA,1675555707
245,stantsionno-oyashinskiy,55.4664,83.8245,-6.75,100,97,3.53,RU,1675555708
246,altagracia de orituco,9.8601,-66.3814,73.35,81,72,6.58,VE,1675555708
247,grand gaube,-20.0064,57.6608,75.38,84,92,3.0,MU,1675555708
248,amapa,1.0,-52.0,71.65,99,100,1.95,BR,1675555709
249,wilmington,34.2257,-77.9447,37.94,70,0,3.44,US,1675555530
250,bari,41.1177,16.8512,45.88,53,0,28.99,IT,1675555593
251,tonantins,-2.8731,-67.8022,72.97,98,100,1.07,BR,1675555709
252,homer,59.6425,-151.5483,31.8,73,100,5.99,US,1675555709
253,kaliganj,23.4095,89.1402,59.81,47,48,4.88,BD,1675555710
254,camana,-16.6228,-72.7111,75.6,82,76,2.51,PE,1675555557
255,sosua,19.7667,-70.5167,76.98,78,19,14.72,DO,1675555710
256,khatanga,71.9667,102.5,-39.57,100,48,4.61,RU,1675555710
257,sheridan,44.8333,-106.9173,43.18,45,0,3.44,US,1675555711
258,zholymbet,51.7433,71.7122,0.5,97,100,7.78,KZ,1675555711
259,valle hermoso,25.6667,-97.8333,67.89,59,10,11.16,MX,1675555711
260,manakara,-22.1333,48.0167,73.06,92,99,1.23,MG,1675555711
261,makakilo city,21.3469,-158.0858,75.56,77,20,10.36,US,1675555712
262,ponta do sol,32.6667,-17.1,63.23,51,27,8.52,PT,1675555547
263,den helder,52.9599,4.7593,46.02,94,100,7.0,NL,1675555712
264,jumla,29.2747,82.1838,35.94,42,0,4.47,NP,1675555712
265,reconquista,-29.15,-59.65,77.52,29,85,5.59,AR,1675555583
266,kenai,60.5544,-151.2583,27.09,84,100,6.91,US,1675555713
267,itarema,-2.9248,-39.9167,79.03,81,35,13.22,BR,1675555484
268,mugur-aksy,50.35,90.5,4.1,87,77,5.26,RU,1675555713
269,anton lizardo,19.05,-95.9833,71.22,76,16,14.2,MX,1675555713
270,nenjiang,49.1833,125.2167,-20.2,100,87,3.44,CN,1675555714
271,petropavlovsk-kamchatskiy,53.0452,158.6483,5.59,66,75,8.95,RU,1675555714
272,wamba,8.9333,8.6,78.66,18,39,5.19,NG,1675555714
273,agfalva,47.6899,16.5166,31.19,70,67,19.01,HU,1675555715
274,nhulunbuy,-12.2333,136.7667,84.81,70,100,1.14,AU,1675555715
275,mahanje,-9.9333,35.3333,63.82,95,100,2.33,TZ,1675555715
276,sibut,5.718,19.0739,75.88,19,11,4.03,CF,1675555716
277,puerto madryn,-42.7692,-65.0385,80.1,40,17,20.98,AR,1675555716
278,kpandu,6.9954,0.2931,79.68,78,96,8.55,GH,1675555716
279,talaya,61.3833,152.75,-20.61,96,100,1.1,RU,1675555717
280,faya,18.3851,42.4509,50.52,60,84,0.65,SA,1675555672
281,talnakh,69.4865,88.3972,9.21,96,100,7.14,RU,1675555615
282,maiduguri,11.8464,13.1603,72.57,18,99,7.94,NG,1675555717
283,chunskiy,56.0815,99.6342,-11.42,100,100,1.12,RU,1675555717
284,talara,-4.5772,-81.2719,77.76,78,20,4.61,PE,1675555718
285,haimen,23.1935,116.6142,59.38,90,100,13.35,CN,1675555673
286,ukiah,39.1502,-123.2078,53.92,91,100,11.5,US,1675555718
287,qui nhon,13.7667,109.2333,74.79,82,80,5.21,VN,1675555660
288,laguna,38.421,-121.4238,60.08,79,100,9.22,US,1675555719
289,madanapalle,13.55,78.5,64.27,72,2,2.24,IN,1675555719
290,gokul,27.45,77.7167,55.36,43,0,6.64,IN,1675555719
291,netivot,31.4222,34.5886,51.6,73,60,10.22,IL,1675555719
292,esperance,-33.8667,121.9,71.71,53,0,13.8,AU,1675555720
293,gimbi,9.1667,35.8333,56.46,42,39,1.83,ET,1675555720
294,ponta delgada,37.7333,-25.6667,56.12,88,0,5.75,PT,1675555720
295,geraldton,-28.7667,114.6,79.21,78,75,8.05,AU,1675555721
296,marsa matruh,31.3525,27.2453,55.33,70,28,15.14,EG,1675555721
297,oussouye,12.485,-16.5469,72.41,48,42,7.85,SN,1675555721
298,chapais,49.7834,-74.8492,-6.02,95,100,11.1,CA,1675555722
299,kahului,20.8947,-156.47,80.62,65,20,23.02,US,1675555439
300,pontarlier,46.8333,6.25,34.95,96,59,5.66,FR,1675555722
301,howard springs,-12.497,131.047,80.98,90,100,3.6,AU,1675555722
302,tursunzoda,38.5144,68.2333,44.08,49,100,4.99,TJ,1675555723
303,yoichi,43.2039,140.7703,28.63,70,100,12.91,JP,1675555451
304,kudat,6.8837,116.8477,78.04,83,99,8.93,MY,1675555720
305,jiuquan,39.7432,98.5174,23.83,44,69,4.99,CN,1675555723
306,san cristobal,7.7669,-72.225,73.58,63,48,1.12,VE,1675555437
307,hofn,64.2539,-15.2082,32.7,64,68,5.61,IS,1675555723
308,casimiro de abreu,-22.4806,-42.2042,78.73,80,44,4.74,BR,1675555724
309,mareeba,-17.0,145.4333,77.43,97,100,4.76,AU,1675555539
310,bud,39.447,-86.1758,42.06,53,91,15.84,US,1675555724
311,hovd,48.0056,91.6419,4.3,79,58,1.34,MN,1675555724
312,daru,-9.0763,143.2092,75.65,93,100,8.77,PG,1675555725
313,kem,64.9555,34.5793,7.29,89,77,8.9,RU,1675555725
314,adra,36.7496,-3.0206,52.38,54,0,4.27,ES,1675555725
315,mao,39.8885,4.2658,54.16,66,0,21.85,ES,1675555725
316,prince rupert,54.3161,-130.3201,46.09,91,100,29.93,CA,1675555502
317,vitim,59.4511,112.5578,2.62,96,100,4.99,RU,1675555726
318,bakaly,55.1789,53.8028,10.06,89,100,1.61,RU,1675555726
319,gornoye loo,43.7129,39.6049,40.78,76,100,7.65,RU,1675555726
320,sambava,-14.2667,50.1667,74.37,92,79,5.3,MG,1675555727
321,san pedro,14.35,121.0167,79.27,72,95,10.09,PH,1675555727
322,fort-shevchenko,44.5086,50.263,28.9,90,68,12.71,KZ,1675555727
323,dobryatino,55.5055,41.3195,26.55,98,100,2.33,RU,1675555728
324,canyon,34.9803,-101.9188,65.25,20,84,7.2,US,1675555728
325,fort nelson,58.8053,-122.7002,5.95,82,99,1.99,CA,1675555728
326,kangaatsiaq,68.3065,-53.4641,-6.48,95,66,8.55,GL,1675555563
327,los llanos de aridane,28.6585,-17.9182,58.12,70,75,9.22,ES,1675555729
328,kenora,49.8167,-94.4337,14.0,97,100,2.82,CA,1675555729
329,manokwari,-0.8667,134.0833,77.72,87,100,5.77,ID,1675555601
330,turayf,31.6725,38.6637,43.32,78,27,9.01,SA,1675555729
331,flinders,-34.5833,150.8552,80.06,42,0,4.0,AU,1675555730
332,havre-saint-pierre,50.2334,-63.5986,-0.54,73,100,25.68,CA,1675555730
333,santa rosalia,27.3167,-112.2833,66.74,34,0,5.06,MX,1675555730
334,ayagoz,47.9714,80.4392,22.57,96,96,9.22,KZ,1675555736
335,port augusta,-32.5,137.7667,73.29,39,1,4.03,AU,1675555736
336,kropotkin,45.4375,40.5756,35.17,91,100,5.5,RU,1675555737
337,durban,-29.8579,31.0292,74.01,86,2,3.0,ZA,1675555737
338,enumclaw,47.2043,-121.9915,50.36,84,100,1.9,US,1675555737
339,nouadhibou,20.931,-17.0347,67.98,32,89,18.41,MR,1675555545
340,imeni zhelyabova,58.9544,36.5956,18.77,96,94,6.35,RU,1675555738
341,halifax,44.6453,-63.5724,7.45,61,56,23.0,CA,1675555622
342,sinazongwe,-17.2614,27.4618,74.03,84,100,2.95,ZM,1675555738
343,alekseyevsk,57.8406,108.3492,7.43,96,100,6.62,RU,1675555738
344,takoradi,4.8845,-1.7554,78.87,89,93,8.32,GH,1675555739
345,korla,41.7597,86.1469,24.94,70,67,1.03,CN,1675555739
346,blatna,49.4249,13.8818,30.25,96,24,4.83,CZ,1675555739
347,ocean city,39.2776,-74.5746,27.0,64,4,10.0,US,1675555745
348,srednekolymsk,67.45,153.6833,-32.89,100,100,3.87,RU,1675555481
349,gamba,-2.65,10.0,74.55,95,99,5.21,GA,1675555746
350,coreau,-3.5333,-40.6567,75.07,88,46,3.98,BR,1675555746
351,otjiwarongo,-20.4637,16.6477,62.91,86,100,6.15,NA,1675555746
352,shieli,44.1667,66.75,32.47,91,75,7.09,KZ,1675555747
353,salinopolis,-0.6136,-47.3561,78.55,87,99,12.06,BR,1675555747
354,ndende,-2.4008,11.3581,72.9,98,99,1.14,GA,1675555747
355,lucapa,-8.4192,20.7447,62.98,97,100,2.26,AO,1675555748
356,cabo san lucas,22.8909,-109.9124,81.7,54,0,6.91,MX,1675555538
357,constitucion,-35.3333,-72.4167,60.13,95,24,2.53,CL,1675555748
358,lebu,-37.6167,-73.65,59.04,95,61,4.61,CL,1675555748
359,ziro,27.6333,93.8333,35.74,64,7,2.68,IN,1675555749
360,egvekinot,66.3167,-179.1667,-26.16,88,17,12.95,RU,1675555749
361,kulhudhuffushi,6.6221,73.07,80.04,78,100,3.83,MV,1675555750
362,kaitangata,-46.2817,169.8464,74.32,63,100,3.6,NZ,1675555750
363,harboore,56.6175,8.1807,34.14,89,97,25.84,DK,1675555750
364,champerico,14.3,-91.9167,81.5,65,2,7.36,GT,1675555751
365,opuwo,-18.0607,13.84,69.49,38,82,4.36,NA,1675555752
366,holetown,13.1867,-59.6381,79.36,80,10,21.61,BB,1675555753
367,iturama,-19.7281,-50.1956,74.79,85,97,2.3,BR,1675555750
368,shuya,56.8487,41.3883,21.13,98,100,1.86,RU,1675555753
369,sundsvall,62.3913,17.3063,1.36,85,89,2.3,SE,1675555754
370,caohai,26.8661,104.2841,36.88,89,70,0.94,CN,1675555754
371,kavieng,-2.5744,150.7967,83.12,71,90,4.05,PG,1675555724
372,college,64.8569,-147.8028,8.55,78,75,5.75,US,1675555596
373,kupang,-10.1667,123.5833,75.78,100,100,5.75,ID,1675555755
374,santa cruz do sul,-29.7175,-52.4258,77.0,50,60,3.22,BR,1675555621
375,buraydah,26.326,43.975,54.05,35,0,11.14,SA,1675555475
376,honningsvag,70.9821,25.9704,28.15,54,78,14.97,NO,1675555755
377,la libertad,-2.2333,-80.9,78.44,79,26,8.84,EC,1675555755
378,salalah,17.0151,54.0924,69.89,83,20,3.44,OM,1675555555
379,san vicente,-26.6167,-54.1333,72.37,54,95,3.09,AR,1675555756
380,presidencia roque saenz pena,-26.7852,-60.4388,79.84,34,83,7.16,AR,1675555757
381,half moon bay,37.4636,-122.4286,59.88,92,100,23.02,US,1675555630
382,menongue,-14.6585,17.691,61.47,92,99,3.44,AO,1675555757
383,la peca,-5.6111,-78.435,73.98,63,99,3.89,PE,1675555757
384,oranjemund,-28.55,16.4333,64.45,91,38,11.07,NA,1675555758
385,agadir,30.4202,-9.5982,54.05,50,4,4.5,MA,1675555758
386,deputatskiy,69.3,139.9,-26.14,99,96,2.37,RU,1675555540
387,bogacs,47.9,20.5333,28.18,72,37,6.55,HU,1675555758
388,sakakah,29.9697,40.2064,46.63,69,11,4.03,SA,1675555759
389,sangueya,10.7,-14.3667,72.01,78,8,2.08,GN,1675555759
390,muisne,0.6,-80.0333,75.58,90,99,7.65,EC,1675555759
391,ahipara,-35.1667,173.1667,72.14,71,100,10.22,NZ,1675555726
392,vuktyl,63.8567,57.3094,1.98,99,93,2.95,RU,1675555760
393,blanes,41.6742,2.7904,54.59,50,0,1.9,ES,1675555760
394,fonte boa,-2.4959,-66.2662,73.06,98,98,2.48,BR,1675555760
395,chifeng,42.2683,118.9636,21.74,38,85,5.19,CN,1675555760
396,guane,22.2025,-84.0875,72.97,82,63,6.04,CU,1675555761
397,brownsville,25.9018,-97.4975,69.1,69,0,11.5,US,1675555755
398,slave lake,55.2834,-114.769,39.18,87,0,2.3,CA,1675555546
399,angoche,-16.2325,39.9086,77.07,90,75,4.79,MZ,1675555761
400,zaysan,47.4667,84.8667,17.04,81,30,5.75,KZ,1675555762
401,picos,-7.0769,-41.4669,84.69,38,98,4.16,BR,1675555762
402,cabedelo,-6.9811,-34.8339,81.27,79,65,11.86,BR,1675555680
403,vulcan,45.3833,23.2667,22.77,89,98,7.96,RO,1675555762
404,kajaani,64.2273,27.7285,8.65,85,100,8.05,FI,1675555763
405,nadvoitsy,63.8667,34.3167,6.44,94,95,3.65,RU,1675555763
406,tuatapere,-46.1333,167.6833,64.47,99,100,3.33,NZ,1675555605
407,palamos,41.8484,3.1291,47.98,51,0,5.3,ES,1675555763
408,vestnes,62.6264,7.0884,41.7,93,100,26.46,NO,1675555764
409,samarai,-10.6167,150.6667,83.55,73,71,6.73,PG,1675555764
410,tevaitoa,-16.7833,-151.5,81.43,73,27,17.38,PF,1675555764
411,swan hill,-35.3378,143.5544,68.94,42,8,5.08,AU,1675555765
412,victoria point,-27.5833,153.3,88.81,66,55,8.99,AU,1675555765
413,sinnamary,5.3833,-52.95,76.96,87,100,16.64,GF,1675555765
414,sola,-13.8833,167.55,80.87,83,100,32.48,VU,1675555766
415,weiser,44.251,-116.9693,43.0,64,81,2.98,US,1675555766
416,puerto rondon,6.2805,-71.1,82.49,45,16,6.49,CO,1675555767
417,severnoye,56.3491,78.3619,-4.92,100,100,2.33,RU,1675555767
418,shanhetun,44.7,127.2,12.76,83,99,9.15,CN,1675555767
419,kununurra,-15.7667,128.7333,82.38,74,100,4.61,AU,1675555767
420,ostrovnoy,68.0531,39.5131,13.55,84,100,12.66,RU,1675555555
421,acajutla,13.5928,-89.8275,80.98,62,31,4.88,SV,1675555768
422,san juan,-31.5375,-68.5364,83.48,26,0,6.73,AR,1675555494
423,svetlogorsk,52.6333,29.7333,21.51,94,93,10.6,BY,1675555768
424,kurtamysh,54.9103,64.4319,4.91,98,99,4.72,RU,1675555769
425,belmonte,-15.8631,-38.8828,79.9,79,1,11.34,BR,1675555769
426,requena,39.4883,-1.1004,44.8,31,0,5.1,ES,1675555769
427,port-gentil,-0.7193,8.7815,80.82,78,100,6.73,GA,1675555769
428,placido de castro,-10.3353,-67.1856,73.35,93,98,1.39,BR,1675555770
429,macapa,0.0389,-51.0664,76.98,100,40,4.61,BR,1675555696
430,kiama,-34.6833,150.8667,80.26,40,0,4.18,AU,1675555770
431,binghamton,42.0987,-75.918,19.92,56,0,11.99,US,1675555540
432,inirida,3.8653,-67.9239,78.8,69,84,1.01,CO,1675555770
433,houma,29.5958,-90.7195,61.0,71,0,5.75,US,1675555771
434,mariinsk,56.2139,87.7472,-13.31,100,91,1.16,RU,1675555771
435,mozarlandia,-14.7447,-50.5706,75.6,88,94,2.64,BR,1675555771
436,waddan,29.1614,16.139,52.3,45,89,8.08,LY,1675555772
437,bathsheba,13.2167,-59.5167,79.41,78,75,21.85,BB,1675555772
438,tautira,-17.7333,-149.15,80.49,76,76,15.19,PF,1675555772
439,mount gambier,-37.8333,140.7667,61.02,65,100,4.03,AU,1675555773
440,jieshi,22.8134,115.8257,61.66,85,100,10.27,CN,1675555773
441,najran,17.4924,44.1277,60.49,53,35,2.68,SA,1675555715
442,japura,-0.3167,102.35,73.54,97,100,1.21,ID,1675555502
443,necochea,-38.5473,-58.7368,60.94,76,0,10.4,AR,1675555483
444,ygatimi,-24.0833,-55.5,73.8,65,84,1.01,PY,1675555773
445,machado,-21.6747,-45.9197,68.79,91,100,2.73,BR,1675555774
446,porto walter,-8.2686,-72.7439,72.84,96,100,1.43,BR,1675555774
447,taltal,-25.4,-70.4833,70.68,81,55,2.95,CL,1675555774
448,kloulklubed,7.0419,134.2556,82.9,78,99,18.72,PW,1675555774
449,kingaroy,-26.5333,151.8333,79.29,64,67,7.83,AU,1675555775
450,kalulushi,-12.8378,28.0919,60.69,98,72,3.74,ZM,1675555775
451,sovetskiy,61.3614,63.5842,4.93,97,100,0.54,RU,1675555775
452,saint-pierre,-21.3393,55.4781,76.68,83,0,3.44,RE,1675555776
453,gemena,3.25,19.7667,73.94,27,54,0.27,CD,1675555776
454,guangshui,31.6199,113.9978,46.6,66,100,1.21,CN,1675555776
455,comodoro rivadavia,-45.8667,-67.5,81.7,38,34,7.23,AR,1675555777
456,havelock,34.8791,-76.9013,37.38,71,0,3.44,US,1675555777
457,nome,64.5011,-165.4064,14.07,85,100,6.91,US,1675555777
458,vila velha,-20.3297,-40.2925,80.94,84,0,16.11,BR,1675555777
459,starodub,52.5844,32.7633,23.18,96,100,5.99,RU,1675555778
460,sibolga,1.7427,98.7792,75.34,86,100,2.42,ID,1675555667
461,udachnyy,66.4167,112.4,-42.56,72,75,0.25,RU,1675555778
462,dembi dolo,8.5333,34.8,63.12,37,52,3.76,ET,1675555779
463,ballina,-28.8667,153.5667,85.01,61,91,7.54,AU,1675555779
464,kostomuksha,64.571,30.5767,6.19,93,96,7.72,RU,1675555503
465,la rioja,42.25,-2.5,33.58,97,0,5.12,ES,1675555779
466,port blair,11.6667,92.75,79.05,81,23,8.23,IN,1675555780
467,sauda,59.6506,6.3542,41.68,97,100,1.86,NO,1675555780
468,sept-iles,50.2001,-66.3821,-3.95,78,65,14.0,CA,1675555780
469,port-cartier,50.0334,-66.8654,-4.25,75,50,13.31,CA,1675555781
470,isla vista,34.4133,-119.861,71.29,73,0,9.22,US,1675555781
471,marabba,12.35,32.1833,71.67,19,63,11.99,SD,1675555781
472,junagarh,19.8667,82.9333,57.92,21,24,0.96,IN,1675555781
473,zhanakorgan,43.9098,67.2495,36.32,92,98,6.67,KZ,1675555782
474,yerbogachen,61.2767,108.0108,-20.16,100,95,2.3,RU,1675555782
475,gazanjyk,39.2446,55.5154,40.77,61,76,8.12,TM,1675555782
476,avera,33.194,-82.5271,44.11,48,67,5.48,US,1675555783
477,ust-nera,64.5667,143.2,-26.1,98,100,1.03,RU,1675555783
478,puerto leguizamo,-0.1934,-74.7819,73.87,88,81,3.83,CO,1675555549
479,xique-xique,-10.8218,-42.7263,80.98,62,43,4.23,BR,1675555783
480,qinggang,46.6833,126.0833,1.27,97,92,5.84,CN,1675555784
481,ilave,-16.0833,-69.6667,44.8,89,94,8.81,PE,1675555784
482,gladstone,-23.85,151.25,87.73,66,75,5.75,AU,1675555492
483,yondo,7.0062,-73.9097,78.76,71,69,0.51,CO,1675555784
484,jalu,29.0331,21.5482,51.46,56,99,0.96,LY,1675555784
485,henties bay,-22.116,14.2845,64.17,86,97,6.13,NA,1675555785
486,coahuayana,18.7333,-103.6833,81.09,52,0,4.32,MX,1675555785
487,tara,56.8944,74.371,0.41,100,99,1.07,RU,1675555785
488,shimoda,34.6667,138.95,44.1,56,44,12.37,JP,1675555786
489,belaya gora,68.5333,146.4167,-25.19,98,99,3.94,RU,1675555786
490,benguela,-12.5763,13.4055,75.24,82,97,3.09,AO,1675555786
491,hasaki,35.7333,140.8333,43.29,54,6,15.64,JP,1675555787
492,hinton,53.4001,-117.5857,33.76,86,36,5.64,CA,1675555787
493,raga,8.4596,25.678,70.07,19,40,4.32,SS,1675555787
494,rawson,-43.3002,-65.1023,82.49,31,27,22.75,AR,1675555788
495,taoudenni,22.6783,-3.9836,59.41,38,100,13.44,ML,1675555788
496,esna,25.2934,32.554,54.95,38,51,7.16,EG,1675555788
497,lorut,40.9372,44.7714,20.68,84,100,3.56,AM,1675555788
498,gucheng,35.9115,111.3192,35.87,40,80,1.81,CN,1675555789
499,vermilion,40.1667,-87.7506,41.56,59,0,17.27,US,1675555789
500,tura,25.5198,90.2201,55.2,57,2,2.98,IN,1675555693
501,conceicao do araguaia,-8.2578,-49.2647,75.38,88,98,1.86,BR,1675555789
502,hami,42.8,93.45,30.06,37,100,4.47,CN,1675555790
503,upata,8.0086,-62.3989,76.19,75,88,7.09,VE,1675555727
504,horadiz,39.4488,47.3353,40.44,61,100,2.08,AZ,1675555790
505,tucuma,-0.1833,-50.05,75.24,92,98,5.5,BR,1675555791
506,pandan,14.0453,124.1694,77.32,87,90,16.78,PH,1675555791
507,granada,37.25,-3.25,38.86,36,2,2.53,ES,1675555791
508,northam,51.0333,-4.2167,49.39,91,100,6.6,GB,1675555791
509,prainha,-1.8,-53.48,74.03,94,95,3.78,BR,1675555792
510,sukabumi,-6.9181,106.9267,70.48,91,99,1.83,ID,1675555792
511,vaitape,-16.5167,-151.75,81.54,73,49,17.0,PF,1675555793
512,husavik,66.0449,-17.3389,28.2,74,48,15.1,IS,1675555619
513,sretensk,52.2453,117.7093,-28.25,100,75,0.92,RU,1675555793
514,skibotn,69.3913,20.2679,27.3,86,100,13.13,NO,1675555793
515,ugoofaaru,5.6667,73.0,80.55,77,100,4.76,MV,1675555793
516,vanavara,60.34,102.2797,-10.25,100,96,1.63,RU,1675555794
517,ouesso,1.6136,16.0517,74.5,41,53,0.67,CG,1675555794
518,rzhaksa,52.1338,42.0264,17.17,97,100,5.95,RU,1675555794
519,garmsar,35.2182,52.3409,38.91,29,35,5.75,IR,1675555795
520,kilindoni,-7.9139,39.6668,81.45,78,96,11.61,TZ,1675555795
521,elko,41.0002,-115.5012,29.64,68,97,5.99,US,1675555610
522,honiara,-9.4333,159.95,85.68,74,92,3.11,SB,1675555795
523,vao,-22.6667,167.4833,79.68,87,94,20.2,NC,1675555796
524,khakhea,-24.6895,23.494,72.68,71,39,10.07,BW,1675555796
525,luau,-10.7073,22.2247,61.45,99,100,1.92,AO,1675555796
526,gambiran,-6.7988,111.4951,74.52,94,100,4.07,ID,1675555797
527,olinda,-8.0089,-34.8553,78.53,83,75,9.22,BR,1675555589
528,palaikastron,35.2,26.25,54.97,68,61,23.49,GR,1675555797
529,tommot,58.9564,126.2925,-15.27,100,100,1.23,RU,1675555797
530,erenhot,43.6475,111.9767,18.97,38,100,6.24,CN,1675555798
531,qasigiannguit,68.8193,-51.1922,-1.95,98,68,5.23,GL,1675555577
532,mahon,39.8885,4.2658,54.16,66,0,21.85,ES,1675555798
533,chadiza,-14.0678,32.4392,64.63,93,99,2.21,ZM,1675555798
534,trairi,-3.2778,-39.2689,78.17,84,67,7.92,BR,1675555689
535,gujar khan,33.2558,73.3026,54.63,62,4,5.86,PK,1675555799
536,port hedland,-20.3167,118.5667,84.25,65,14,10.36,AU,1675555799
537,nelson bay,-32.7167,152.15,79.09,42,0,3.0,AU,1675555799
538,santa maria,-29.6842,-53.8069,72.48,36,28,4.9,BR,1675555626
539,kholm,59.2667,32.85,17.31,96,98,6.53,RU,1675555800
540,chamba,32.5667,76.1333,47.77,46,29,10.89,IN,1675555800
541,road town,18.4167,-64.6167,77.09,77,0,20.8,VG,1675555800
542,lima,-12.0432,-77.0282,75.45,69,0,10.36,PE,1675555700
543,sandovo,58.4602,36.4128,19.47,96,96,5.21,RU,1675555801
544,eureka,40.8021,-124.1637,62.2,62,95,11.99,US,1675555782
545,borzya,50.3833,116.5167,-20.43,100,82,2.13,RU,1675555801
546,ouadda,8.0777,22.4007,69.04,18,76,5.84,CF,1675555801
547,thanh hoa,19.8,105.7667,70.0,96,100,5.53,VN,1675555802
548,codrington,-38.2667,141.9667,61.57,70,100,7.14,AU,1675555681
549,palasa,18.7667,84.4167,64.17,63,16,4.09,IN,1675555803
550,plouzane,48.3833,-4.6167,43.12,87,100,3.44,FR,1675555803
551,akhtanizovskaya,45.32,37.1,32.49,85,97,11.39,RU,1675555803
552,bonthe,7.5264,-12.505,76.78,91,37,5.75,SL,1675555804
553,saint-donat-de-montcalm,46.3187,-74.2219,-9.17,98,100,4.65,CA,1675555804
554,banda aceh,5.5577,95.3222,76.96,85,92,6.49,ID,1675555804
555,marshall,34.3834,-86.3333,48.31,57,0,3.44,US,1675555695
556,high level,58.5169,-117.136,8.71,85,100,3.44,CA,1675555805
557,santa marta,11.2408,-74.199,75.97,84,4,16.49,CO,1675555805
558,pangody,65.85,74.4859,9.82,97,99,6.31,RU,1675555806
559,lebyazhye,55.2689,66.4947,6.1,99,100,3.91,RU,1675555806
560,siparia,10.1333,-61.5,76.82,84,10,12.66,TT,1675555806
561,arlit,18.7369,7.3853,70.77,10,13,10.13,NE,1675555807
562,asau,46.4333,26.4,24.28,87,100,10.85,RO,1675555807
